4,now all ha to do is get swype on the iphon and it will be crack iphon that is
4,will be ad more carrier support to the iphon s just announc
4,hilari video  guy doe a duet with s siri pretti much sum up the love affair
4,you made it too easi for me to switch to iphon see ya
4,i just realiz that the reason i got into twitter wa io thank
4,im a current user littl bit disappoint with it should i move to or
4,the  strangest thing siri ha said so far i am sooo glad that gave siri a sens of humor via
4,great up close  person event tonight in regent st store
4,from which compani do you eerienc the best custom servic asid from and
4,just appli for a job at  hope they call me lol
4,lmao i think is onto someth magic i am die haha siri suggest where to find whore and where to h
4,lmao i think is onto someth magic i am die haha siri suggest where to find whore and where to hide a bodi lolol
4,just regist as an develop here hope i can actual do it ani help greatli appreci
4,wow great deal on refurb ipad first gen model rt appl offer great deal on refurbish stgen ipad
4,just regist as an develop here hope i can actual do it ani help greatli appreci
4,ä½ å¥½  current learn mandarin for my upcom trip to hong kong i gotta hand it to iphon  their uber use flashcard app îî
4,come to the dark side ð±â hey  if you send me a free iphon i will publicli and ceremoni burn my blackberryâ
4,hey  if you send me a free iphon ani version will do i will publicli and ceremoni burn my blackberri
4,thank you for find my mac  just locat and wipe my stolen air smallvictori thievingbastard
4,thank to covent garden geniusbar for replac my macbook keyboardcrack wristpad dure my lunch break today out of warranti
4,thank
4,ipad replac bound playbook on some nfl team
4,good ipad
4,is eff amaz
4,amaz new io  featur
4,were one of a few featur educ app on the websit today sweet
4,were one of a few featur educ app on the websit today sweet
4,when you want someth done right you do it yourself or go to  att your useless these day yourdaysarenumb ï£¿ï£¿ï£¿
4,we did an uneect workshop for the iphon at yesterday and we got an awesom amount of info notjustaboutthephon
4,lt io
4,â» rt no question bro rt  should i get di iphon or a evo d
4,im over peopl bitch about the iphon i think it the smartest phone ive ever had and im veri happi
4,im over peopl bitch about the iphon i think it the smartest phone ive ever had and im veri happi way to go
4,ceo point to as corpor mentor as signup tripl
4,at the bu with my iphon thxx
4,appstor is well done so is itun on the mobil devic i wa talk about desktop app
4,nytim coach want to see you and bring your ipad ipad set red  red  hut hut wish i had an ipad
4,appl sell  million iphon s unit in first weekend  steve job brillianc live on for ever iphon rva
4,is like the titan and it seem everyon is run for the iphon life raft and there wont be enough for everyon
4,than apolog to
4,download of io  are prove popular with user
4,lmfao look at the argument i had with siri
4,incred  million iphon ss in  day  better than the iphon  iphon
4,save me from hp unwant os help me buy an iphon i have seen the light lol backchannel
4,well fix my io batteri drain problem with a replac iphon   it work like a champ now
4,current order a brand new macbook pro bahhh my macbook is  year old ill miss it but it time cc
4,you are so bless
4,siri now know who my dad mom brother and girlfriend is thank
4,well at least the store ha amaz call wait music need
4,sweet appl replac my glass probono thank you
4,not bad sell over  million iphon in debut weekend  bloomberg  smartphon sm rt
4,love new technolog from iphon s mac air and icloud are unreal technolog
4,im love thi new io updat
4,anoth mention for appl store  rt onc again get great custom servic from the store
4,time to go get my iphon s look forward to stick it to the man by no longer pay for most text thank
4,hey i hate my comput i need a mack wanna send me a free one
4,thank you  my new gfiphon is great she doe everyth
4,icloud set up wa flawless and work like a champ to the cloud
4,id total email the compani i alway get great servic at our store
4,love the new io upgrad for the iphon
4,the nice tech support guy fix my itouch
4,onc again get great custom servic from the store at millenia mall
4,is it just me or is io faster for the ipad
4,i love our imac even though i havent seen my hubbi in  day now geek
4,make the switch from to iphon iphon smartphon stevejob  appl store
4,so thank for the incred peopl for go abov and beyond and offer to and replac my waterdamag macbook pro wow
4,new macbook is too sick
4,play on ma man love the camera in the iphon well done fb
4,so yeah io readinglist have chang my life nowicanspendevenmoretimeonmyphon
4,safari reader own the worldwid web
4,i love servic  my case ha crack x and i go in and they hand me a case and i walk out
4,twitterpeopleiwouldliketomeet
4,said to have laid out the next  year job last iphon is  not the iphon iphoneg  is magic
4,kind of excit on my way to my last class right now and then go to the store so buy macosc snow leopard and lion
4,i use to be with over yr  after all the disrupt and lost gig thx to their servic im move to iphon
4,appl sell  million iphon in  day keep do what you are do becaus you are do it well
4,yessss im lovin the iphon updat especi the slide down bar at top of screen good job
4,million in a weekend  iphon per second thi is mad no thi is
4,you got me im now invest macbook pro next year time to get on sell more of my android gear
4,i like what you did there
4,i just sent my grandma a post card use my cardsapp thank
4,put it in the wash is kind of the equival to will it blend glad to hear it still aliv
4,launder ari iphon not my finest moment but after dri in bag of organ rice for  day it boot up
4,bravo
4,god bless  for appletv  our bad ass system love princessofchina gb to  too
4,been off twitter for a few day as i smash my iphon but were veri nice and gave me a new one
4,thank you io  for email pop up on the lock screen and open it when unlock
4,one word  wow rt iphon s first weekend sale top four million via
4,thi good here iphon will do me veri well today thank to the god that are
4,love io easter egg pull down from middl top to bottom and see what pull down awesom littl featur io
4,love io easter egg pull down from middl top to bottom and see what pull down awesom littl featur io
4,love io easter egg pull down from middl top to bottom and see what pull down awesom littl featur lovemyiphon
4,updat my io and start use cloud servic pretti bad ass my iphon gs still the champ
4,gone for a run beauti morn  man do i love io   iphon
4,your simpli the best
4,i must admit ha made me a veri happi camper i have text tone now lol ring tone makemeproud drake ver text tone nicki
4,day im thank for the great custom servic receiv today from via phone cs new phone on the way daysofgr
4,so to for replac my phone for freeî
4,love the new ipod updat
4,my wife upgrad her iphon  i think siri alon is worth the upgrad look forward to continu to enhanc siri
4,thx thx hypo d trix
4,be honor tonit a truli great loss to the worldh will so be miss
4,thx thx hypo d trix
4,love my new iphon thank for io
4,i love thi so much thank you
4,the iphon s is great geniu
4,card app notifi me the card i sent ha arriv at local post offic and should be deliv today sunday truli is magic
4,love my new is updat just when i think it cant get ani better somehow it simplifi my life more that rightit an appl
4,siri is amaz
4,you need an iphon with siri
4,meet siri your new iphon butler click the link and be amaz by all it can do
4,just my man store in  whoopsð
4,so i am use my work pc never ever to get a feel for it it ha the worst speaker ever you have spoil me imamac
4,i â¥
4,just got the new io upgrad with imessagegood luck surviv now
4,love io  awesom
4,you were right an iphon is a must have addict welcom to the club
4,thank you for your innov exhibit a guy play with facetim instead of watch game at sport bar
4,boo hiss wuhu when will my berri power technolog actual work
4,by far the best ipod and first time iphon ever good job guy
4,thank you steve store th av
4,s siri is witchcraft what next   yr lead lost
4,io  is sweet notif phone search cover mail now wifi sync icloud backup and integr twitter are all well done
4,anoth great jame stewart stori in today ny time about import of architectur in retail success httpt
4,anoth great jame stewart stori in today ny time about import of architectur in retail success
4,i lt
4,welcom to the twitter world  thi is due to io and thank guy
4,impress servic geniu bar metro centr power cabl replac free n book in for screen replac for free  d
4,the nice guy at the store replac my phone grati when i show him the hairlin crack on the screen thank
4,the nice guy at the store replac my phone grati when i show him the hairlin crack on the screen thank
4,my iphon s batteri last longer than a day that hasnt happen sinc my edg iphon nice job
4,it would have taken me  min to write thi with my blackberri thank u s for convert me and show me the grass is greener
4,got a new backsid for my eye phone v impress with
4,got a new backsid for my eye phone v impress with
4,iphon s in space thi is amaz creativ your product inspir peopl to do unbeliev thing
4,thank you for make my ipad  feel like new again with your new io
4,ibertaddigitaltv ipad a briliant stevejob produck  present
4,use my awsom ipad i love it i love my macbook too and my ipod it all amaz i love
4,io  upgrad done  much better featur few more featur requir
4,new io  updat is the best ilovey
4,final got my iphon s thank  stupid  learn my lesson
4,i absolut love my iphon s thank you steve and
4,you have invent a product that actual get my brother to call my parent when he get where he go amaz siri ipod
4,dammit listen to siri is make me want to upgrad well play
4,creat new folder from within your photo album in io final thank  that been a thorn in my side for a while newfeatur
4,video card on workstat die after just six month so long  hello
4,u r realli about to make me throw thi in the trash an get an iphon upload issu
4,io updat submit to  thank for all the support
4,awesom servic from the store in pc thank chri
4,thank for fix thi
4,i am crazi about io  the photo crop is the best
4,thank for fix thi
4,hell ye got my contact back thank
4,i fuke love you thi phone is the best thing ever  siri  best thing ever made
4,ha chang life
4,mad prop to the employe that didnt charg me to replac the back plate on my iphon made my day
4,actual the mous is pretti sweet man
4,the iphon is amaz siri voic recognit is absolut a step abov previou attempt bravo
4,final got the iphon thank to get with the time
4,io is nice and as it had to be  thank
4,good support fm kevin bellevu store  biz custom ty
4,just download io  it better than i eect thankyou
4,siri is amaz im in love
4,love love love io
0,so appar put mb cap on your sm with the new updat mb storag befor it tell you your inbox is full w
0,iphon r  eensiv most went w htcgalaxi no custom loyalti wphone comp
0,iphon r  eensiv most went w htcgalaxi no custom loyalti wphone comp
0,thi is what will kill appl rip
0,whi my tune no go on my iphon iphon lone without them silli io
0,need to hurri up and releas itunesmatch
0,whi is siri alway down
0,i just need to exchang a cord at the appl store whi do i have to wait for a geniu
0,airdrop fail  immedi declin your request everi time
0,good articl about whi fuck it all up with lion and their futur fb
0,yellowg some iphon s user complain of yellow tint to screen
0,yellowg some iphon s user complain of yellow tint to screen
0,the one iphon featur still miss sinc first show it contact pictur on the contact list simpl yet  major updat miss
0,ask siri is she dream of electr sleep wa disappoint that she didnt have a snippi answer miss opportun
0,it surpris me that throw up an error alert about author and there no author thi comput button
0,shhhh the evil sith lord may hear you ha
0,fuck you die in a fuck blaze inferno
0,oh  steve obvious had noth to do with iphoto as it the perfect opposit of insan great get it fix pleas
0,omg whi the fuck did you delet all my music you dick
0,so in itun i go store gt authoriseâ¦ whi doesnt it just autoauthoris it when i sign into itun grrrr
0,serious  i have absolut no of clue what mean by author nor how to do it
0,boy could make it ani harder to put my purchas music from the cloud on to my new macbook pro you must author thi computerâ¦
0,shit shit shit io updat ate all my app data and media just like said it would thi is go to take some time to rebuild
0,t u cannot tell me there isnt at least  gb iphon s in la or vega give me a fuck break
0,love download  hour and ipad now wonki ripstevejob thenonsensepersist neednewipadguid fatfuckingch
0,dear my new air is now a notbook sinc your updat kill wifi bug destroy product
0,i am so done with and s profit and lack of custom servic so fuck down with both
0,it would be great if would send my new phone frustrat
0,thank you for ruin my gs with io youv just turn my phone into an utterli useless pile of shit
0,no but i have the option of a replac iphon s  not sure if i want one after have  duff iphon
0,so appar put mb cap on your sm with the new updat mb storag befor it tell you your inbox is full what is thi
0,you know it been almost a week sinc i paid for itun match i would realli like to use it ani eta on a fix
0,remov all shit
0,so s iphon  is give her a hella hard time w the io updat
0,what i that suck hello rt interest note  droid razr batteri isnt remov
0,cant send me an iphon preorder hr after launch but they can send  or  to all the jackass who want to shoot or blend em
0,gotta say the itouch iphon shuffl etc sound qualiti is aw pain crap it been a downgrad from sound qualiti wise
0,the upgrad just slow down my phone so much it stuck half the time uch thank no other damag suck for you
0,i think didnt do such a thorough job with the step x step for upgrad and move to icloud now it cost me mightili
0,hey now i have io my iphon doesnt includ song that are on compil album under the artist name whaddupwitdat
0,he can send but not rcve txt so he ha an apt at pmthen he exclaim and i wait a whole year for thi phonelmao
0,total chao at store regent street like an ethiopian feed station cant believ thi is same co that make all that cool shit
0,if you made a purchas just wait for the survey hate go bc of the bad custserv
0,correct best buy kudo to chri alamo ranch sa txfix issu couldnt resolv after  day w   hero of my day
0,that whi all the ppl who stand in line for hr to get the newest model are sucker
0,would it kill to put a braill type bump on their earbud so we know which bud is r and l in the dark
0,wow just crush your dream
0,oh just fuck you  alreadi gt iphon  on schedul for summer launch via
0,oh just fuck you  alreadi gt iphon  on schedul for summer launch via
0,no i wont wait until thursday for an avail appoint just so a geniu can tell me im shit out of luck now
0,wtf the new io  doesnt allow you not to get push notif from newstand and siri just keep yap fuck
0,on the ipad with io whi ha the messag icon been includ when it cant be use
0,yea i preorder through and they sorri too just like att
0,interest now requir you to have a reserv  appl iphon s
0,whi is my iphon batteri so crappi fail
0,my keyboard will not type
0,whi doesnt icloud sync sticki theyv alway been around just noth everi progress w them whi appl whi
0,your new save a version function in page is absolut the most aw interrupt counterintuit piec of crap in the world
0,i hate my comput that  dollar down the drain
0,my iphon is charg veri slowli
0,io gm on ipad is veri slow wash better on beta solv thi problem or give me the ipad
0,wish i could pick month day and year when set a new calendar item on my iphon whi hasnt the new io fix thi yet
0,itun is the worst program ever for such a great phone you make some aw softwar
0,one would think the voic recognit on the tech support line would work a littl better
0,to repair my ipad  appl youv lost me and my  a year android here i come
0,proper consolid proper sync stop lose my purchas item checkbox that do what you think they will do
0,the desktop app is wack though
0,i made a reserv and yet i still have to wait in line humpt oh  appl store w  other
0,frustrat that i bought a new macbook pro from onli to find it doesnt ship with media eensivepaperweight
0,dear  i had to turn off all those awesom featur you just enabl data plan cant handl it  mb of data just becaus
0,dontbemadatmebecaus android is by far better than
0,is there a problem with io  that is prevent audio app and audio function from oper properli i keep lose sound
0,appl one thing i hater about thi mous the butteri finish so fast am not happi now macworld
0,hey  stop send your automaticallydepreciatealliphonesolderthanth signal my iphon is die rapidli processorwis
0,onli thing bad about the new camera is that it ha two compact flash card not one of sd sd goe in my comput damn you
0,wtf  page for the new term  condit when u updat ur app from the itun store do u realli think well read em realli
0,fuck u
0,oh and prolli ganna be late to work bc ha screw me and my phone ha my onli alarm on it
0,whi the fuck dose my phone decid it just ganna freez everi time i tri to updat it so fuck sick of
0,if u need me just text me o wait u i wont get it cuz fuck me everi time fuckingpiss
0,imessag doesnt show the time a messag wa sent annoy
0,like da fuck is thi shit
0,im wit chu â offici boycot  call to curs them out next for use them wast my t
0,damn it  whatchu done to my phone
0,samsung seek iphon s ban in japan and australia patent war intensifi with injunct sought against
0,whi is it everi time there is io softwar updat my ipad goe dead and i need to total restor fail
0,io ha been noth but a pain in the ass no room for my music or photo or app can i undo thi garbag
0,i hear you ive had troubl with my   now  ive even turn down bright andshuttingdownru
0,i hear you ive had troubl with my   now  ive even turn down bright andshuttingdownrunningprogram nohelp
0,rememb is evil icloud enter the dropbox market
0,now on my second full charg of the day piss
0,both of them are bs how do u tell me go between a certain time onli and the muh fuh is close
0,im wit chu â offici boycot  call to curs them out next for use them wast my timeâ
0,ugh  youâr reserv page for the iphon is not work
0,itun is s worst product wors than the newton or the hockey puck mous it utterli pain to use
0,deã¡r icloud i hate u  and i hope you die  you are the worst fuck invent in the world  fuck youuuuuuuuuuuu icloud
0,i updat to io  and lose everyth on my phone and it wont let me sign into my itun account thank
0,suddenli lost all address book on iphon and someon wa use my id it all fuck up
0,oh my iphon is overcapac huh  wont let me be great
0,issu with updat itun on my window pc  they realli are not compat sent more time talk to care than use it
0,u guy are gay
0,restor my iphon still no text dear y no love y restrict on my sm y no text io iosatemydingo
0,none of my app work after the new io from  what do i do
0,seemingli endless loop of call to   to investig my miss iphon crankywithnophon
0,that terribl i hope you get an apolog
0,have been on the phone with and pretti much ever sinc then realli annoy
0,i get they are busi w the new phone but i just want to buy a stylu they made me wait forev outsid  never
0,pleas deliv my daughter is she is drive me nut iphon
0,im givin thi stupid reserv system daysâ¦ if i cant get reserv ill never buy ani appl productsâ¦ yup i hate contract
0,still no word on my iphon preorder best buy blame sprint sprint blame  i just want an honest answer help
0,hey  the sm full messag is complet shit ye im annoy
0,have never had such poor custom servic at befor what happen  appl store w  other
0,your servic eerienc is realli fuck slip except for cute eyelash bat girli  appl store
0,had ma ipa not  hour an i jailbrok itnow it shag itun wont letm restor it sym
0,they are then happen and snatch siri so they could be douchebag and say it our
0,what wa think make siri total depend on a network connect siri   utter frustrat
0,wow the geniu bar reserv line is ridic right now   i am not amus ugh
0,where is my iphon
0,batteri life suck on io
0,an appl updat ha seem to render my work machin incap of open hdv video thank  zero use product today
0,i commit to your cloud storag idisk and now it rain so soon no more idisk ani plan for a new servic for storag
0,hey whi cant i share a remind list from my iphon also whi cant i login to the icloud webpag to modifi share from my phone
0,appar fuzzbal crash on io congratul on anoth incompat upgrad
0,could lion pleas integr vertic space in mission control thi horizont busi is make me nauseou
0,can someon plz elain to me whhyy is onli distribut  phone per day to the sprint store im realli
0,gah io  open text messag pain slow on top of  restor attempt  succeed earli adopt get better of me
0,dear  whi did all my pdf and epub file disappear from ibook in my iphon post io upgrad thi hurt gs needsomethingtoread
0,â lie  the batteri on thi new iphon is definit not ani betterâ ltlt check set  time more app usag in io
0,as a huge podcast fan  i realli feel like drop the ball on thi one via
0,i dont realli like siri voic perhap can get star war voic just like
0,â i realli hate deal with the brain dead peopl at the store for such good product custom servic sucksâ in nz
0,i realli hate deal with the brain dead peopl at the store for such good product custom servic suck
0,you can make photo album in the photo app with io  but cant password protect them um  fix that quickli
0,anyon els see miss signal bar on their iphon gs with an upgrad to io cc
0,lie  the batteri on thi new iphon is definit not ani better
0,if you want to know what custom think dont send updat with the norepli return address who invent that anyway useless
0,everi time i tri the voic control on my ipod touch to send an imessag it start play who knew by pink still not flawless
0,should be studi do work but no im hold with hurri the fuck up nopati
0,ok hindi keyboard in io is someth to cheer about but what about support for  miss indian languag fail
0,warn if iphon app spontan loos data it might not be the app fault  iosdowngrad
0,ah yeahshould be an optionhop figur that out thx
0,wait for item to copi in itun after everyth did copi goe on and on and on come on  what the hell
0,unhappi again with serviceproduct qualiti wont buy again
0,lie  the batteri on thi new iphon is definit not ani better
0,â dear  whi you gotta go chang the way ltinput typenumbergt is handl out of the blueâ
0,been on hold with custom servic for  minut wow lt like theyr timewarnerc
0,anyon els stuck in dupe calendarmailbatteri suck hell icloud and osx lion are a disappoint
0,for be the inventor of the comput mous â whi is it that ha never made one that is not a complet piec of fuck shit
0,your kill me excit about io no longer tragic batteri drain geniu bar want to replac the batteri realli
0,st impress of io disappoint w upgrad restor lot of app  folder miss do how much time went in org it fail
0,dont question the they will rememb your dissent
0,multipl time siri is have troubl connect to the network siri need server and some exercis
0,so my imessag still isnt work
0,if doe not resolv the siri network issu they will need to renam a great product to sorri  who els is havin
0,dear  whi you gotta go chang the way ltinput typenumbergt is handl out of the blue
0,ugh wtf is up with all the bottleneck
0,rt  pleas fix siri she cant connect to your network
0,pleas fix siri she cant connect to your network
0,if doe not resolv the siri network issu they will need to renam a great product to sorri  who els is have issu
0,ani chanc will releas good headphon that dont blast music outsid the ear iphon ipod it quit obnoxi
0,siri is not work due to network problem serious can you fix thi iphon fail
0,is cloudi tech not veri techi
0,it ha to connect to to process command which it is fail to do right now
0,see  that what happen when you releas iphon s with same crappi design as the old phone
0,thi rt look like did not appropri project the resourc need for siri not veri reliabl
0,look like did not appropri project the resourc need for siri not veri reliabl
0,spoke to an rep on phone  could hear her tv blare in the bg she said i cant actual help u just direct u back to the web
0,what wrong with siri today
0,siri is down
0,im suspect time the healthdeclin of my iphon  perfectli with the iphon s releas my batteri is serious ail
0,on hold for anoth half hour phone is ring but no one is pick up you stink
0,ok thi softwar updat for the iphon is take waaaaay too long annoy
0,would do better to inform custom properli about migrat to icloud  mani complaint lead to imag damag
0,doe io  rape your batteri life or am i just use my phone a lot sinc get it
0,hope it a small bug must be fix it right appl  itjustwork
0,you do realis your just realli piss off the custom base as well as look petti
0,whi do i have to have app i am updat in their origin folder locat that wa pain
0,domain fail open  hr late for walk in ppl store wa empti and i onli need a skin  my screen you repres custom servic fail
0,the chipset tear through batteri life cowork ha a htc thunderbolt that he get about  hour of life
0,i wish the appl updat would stop tri to ram itun down my throat i dont own a piss iphon
0,is it me or doe my iphon run slower sinc the io  updat
0,just search with my voic on my  year old nexu one
0,your updat server ha been time out for a week i had to forc a restor wthe new io softwar lost all my stuff thank
0,appleupd  success stori iphon  ipad  now been on phone to appl  min ipad  will not wast my time replaceit
0,thank to a  minut wait on hold half an hour actual talk to someon the tech decid to send me an email to fix my phone
0,i am veri upset about and inconvenienc by thi iphon updat fail backup
0,but serious financ me a damn phone you greedi bastard or santaget your jolli ass in gear and get us a s  white plz
0,my schedul is  busi  spend unqual time with  recov iphon againth mo mobil i get the mo immobil i is sync not
0,ponder the io updat from the sound of s difficulti i may just hold off   fix it
0,you know the issu they have with dst and alarm
0,whi book geniu bar if after  hour you still cant be serv disappoint appl store sydney thanksfornoth
0,appar geniu train doesnt extend to clock  servic theyr half an hour late for my appoint and couldnt let me know
0,thank for an os updat that ha onli succes brick my ipod
0,screw you io  i cant download thi crap and im tire of tri get thi problem figur out about my connect time out
0,wow icloud mail is down st the io  upgrad issu and now thi i realli hope thi isnt without steve job
0,whi dont you guy test your upgrad befor you put them out   hr u guy wast of my time yesterday thank
0,what is go on with all my product first my ipad freez still is frozen and then my iphon wont turn on techietroubl
0,ipad in perpetu restor loop after tri to upgrad to io sux without steve
0,nd geniu apptment run late nd day in row for nd dodgi ipod  you make mega  hire some staff
0,it took about  year just to figur out how to properli syncron an iphon wow io
0,so i went to the th ave store and wa told i could wait about  hour to get a s needless to say im back at the hotel relax
0,overal i am a fan of the iphon s howev my siri ha issu connect to the network
0,terribl custom servic at lo gato  whi do i have to pay  for a bad home button on my iphon
0,thank you for suck so much i cannot believ you would sell someth onlin that isnt made
0,have major batteri drain issu sinc updat iphon  to io  anyon els
0,dear pleas send me my mac book back sure the repair is done by now thank
0,io on iphon caus camera apperatur dilat problem  freez
0,io geoloc suburb with  word drop map pin in other state pleas fix
0,sorri  but imessag will never be what bbm is disappoint
0,iphon s siri doesnt work for shit
0,clarenc thoma must have design the new osx lion toss decad of workflow standard bring back âsave asâ autosavesuck
0,yeah except that when you ask for a receipt it take them  minut to figur out where it print out fix that
0,hey do you wanna fix my fuck playlist order you piec of shit
0,bummer my  ipad fantasi footbal app keep crash not sure if it the app or the new io  onli two app run
0,can suck my dick gotta restor my ipad annoy
0,the line at the is just stupid
0,man that sux io upgrad a total fail for you
0,dear contact you are terribl i just clean duplic for  hour and they magic reappear fix it
0,is it too much to ask which app is incompat
0,piss with whoever design keyboard with for not have a home and end key work on the cli i use those key often
0,most of mine are gone too not recov after i save them b i upgrad my iphon soooo piss
0,hey do you wanna fix my fuck playlist order you piec of shit
0,siri is have a hard time rememb who my sister is contact card need space for famili info iphon
0,io get sloppi  u need to check your qa team too mani issu with app data and sync
0,so thi sm full messag is known issu with new io updat tri restor when all els fail  restor
0,so glad that i paid  for thi care protect plan been on hold for over  minut now great custom servic not
0,not happi with right now the upgrad to my itouch took out my itouch and laptop help
0,all i can say about right now is goodridd â see cancer isnt all bad
0,can you look at problem on ipad where it wont open messag it just crash the app you too mayb your fault
0,what the point of icloud wireless updat when io now forc me to use the comput to charg my ipod touch now worstupdateev
0,no worri bud ps theyr say that the s is have a lot of network issu right now im for mac problem
0,i hate you for not send toledooh ani for even after i pre order
0,if my nonappl equip broke thi often i guess id need an asu geniu bar but it doesnt so i dont
0,whi is the new iphon os duplic all my ical event there  of everyth how do i fix it tri turn icloud off
0,dear  how convenienthandythoughtfulsmart that after iphon io updat your app wont work anymor none grmbl
0,hey i know steve job die  all but my twitter for ipad app keep crashingfix itnowpleaselol flight
0,not happi with appl today i did the suggest softwar updat and now noth work
0,smash yet anoth iphon screen when are gonna make the phone more durabl tire of fix it myself
0,io ha one problem when i save someon in my contact they dont show hi nam becuz of the region  appl
0,i sure as hell better be abl to restor my calendar event terribl bug appl icloud anothericloudfail
0,i realli hate that wont let you hide the newsstand app or move it into a folder it serv no purpos for me
0,life wa much easier when and were just fruit
0,no locat remind on ipad that wa the point of updat to io
0,compar live with app and icloud  i do not see icloud lead the crowd do you agre
0,turn out my comput isnt as fix as it is meant to be fuck you  im go back to your geniu bar to complain annoy
0,if doesnt fix io thi week im buy a droid emptythreat
0,pl launch siri on iphon  disappoint after spend hour for upgrad to io
0,you can suck it you and your fuck iphon better be glad it all i like caus the servic is fuck terribl
0,thi is the first time ive been unhappi with ani product disappoint and the internet seem as confus as i am right now
0,after a week or so with s io im consid go back to jailbroken   same featur as  plu more not as stabl though
0,had issu with siri reach network today too mani use or my signal
0,the new io complet fail at upgrad the phone now im stuck in thi restor loop thank for wast my day can i undo
0,is it me or doe iphon run a littl warm sometim
0,wtf whi can we not add the newsstand to a folder we are alreadi in your wall garden so pleas dont remind us of it
0,just now see none of my microsoft offic program work anymor after lion upgrad whi
0,dear  i dont want the newsstand icon on my screen notcool
0,doe take better qualiti photo than iphon though i give them that photograhersey
0,ok idk wth is up but after sync my phone my album art is out of order wtf
0,i wish siri could tweet for me  fix that
0,im still wait for you to deliv my phone to
0,i will never purchas anoth product for the rest of my life i am glad steve job is fuck dead may you fuck rot in hell
0,thank to my new imac is a brick i cannot reinstal lion and i cannot purchas it becaus it wa instal by the former owner
0,ask siri where babi lisa and wa told sorri im have troubl connect to the network right now server fail io
0,onli thing io ha done is delet my tiger wood game and made imposs to retriev thank
0,damn you for break wififofum it continu to work in io  wa one of my most use app damn appl overbear polici
0,yo  thi updat is a disast
0,dear congratul i am su my insur compani and you just manag to make it to the top of my shit list ineedthosepictur
0,dear  you must let me turn off icloud to save bandwidth and not delet everi document on my ipad that bullshit
0,dear  it me again thank for beauti new io featur but i miss some of the old one lk make call  text gt
0,by far the worst eerienc upgrad out of ani version of io io
0,what happen rt  never purchas anoth item from
0,never purchas anoth item from
0,wow worst custom servic eerienc ever arrog and inept bad combo biltmor appl store
0,wow worst custom servic eerienc ever arrog and inept bad combo biltmor appl store
0,hey guy at  wtf is happen to iphon with io suddenli fade to black and begin to vibrat continu i had to reboot it
0,whi dont you play nice and let me use hdmi from ipad pretti lame
0,warn if iphon app spontan loos data it might not be the app fault  iosdowngrad
0,dear  it me again thank for beauti new io featur but i miss some of the old one like make call  t
0,â¦and onli the first  imag in my photo roll made it over serious  how did you fuck thi up so much
0,whi doe iphon plu io equal half the batteri life
0,whi isnt my itun updat i just wanna updat my iphon to io then itun say that it need to updat to do it then fail
0,now wont let me use credit on unless i have a credit card should have told me when i redeem the card sound fair to you
0,siri ha work for me less than  of the time if servic doesnt improv by monday im return my iphon s
0,rt  and again mobilem is down issu when sync access mail is thi a good premis for icloud
0,need help instal new io on iphon and am stuck on the find my iphon screen i keep click next but it doesnt work
0,bummer that icloud sync on window onli w outlook not thunderbird  ie not firefox chrome sadmac
0,you heard of test befor deploy updat differ between microsoft  appl none
0,disappoint visual merchandis  simpl but lack eleg and sequenc doesnt even tell us about siri
0,ha been on termin hold with support she must not be the onli person have troubl with the new iphon and synch
0,thank appl for io  and lose all my contact
0,give me my app back
0,io nonstop drop callsmut button randomli activatingperson cant hear me pull phone from ear to be on a mobil me screen
0,didnt it occur to appl that ppl share itun account amongst famili  wtf
0,epicfail
0,minut after be at  my iphon  post io upgrad ha lost  of it charg and the store folk are out of idea
0,so cut the cord make podcast even harder to manag no subscript wth  io via
0,rememb when peopl use to say flat the fuck out lol and their face while say kindahow i feel about
0,in less than an hour my post io iphon ha gone from  to  batteri charg and the store folk have no solut for me
0,well seem b screw iphon s resellar they still dont have s yet were promis similar  ma bell monopolist prctice
0,also  dont forget stop close the app store after each bloodi purchas
0,cu
0,sigh store seem stump what to do about my catastroph bad batteri life after upgrad to io
0,hmmmm a lot of siri featur dont work in canada locat and direct serious come on
0,siri cant connect to the network  it less use that voicecontrol now
0,took my siri and made it exclus to iphon s sorud
0,total time on the phone with   hour  minut let see how thi goe
0,wait in line for noth fuck geniu call an app for john not jean stop fuck up my name im not a french boy pcam
0,dear  one day your go to releas a version of itun that doesnt freez more often than it work one day
0,it been hr sinc i report theft of my iphon and ha done noth no return call as promis noth
0,thi doe not bode well after charg all night my iphon s ha  batteri after onli hr off charger with no call  light use
0,houston we have a problem my ipad ha been restor for  hour after instal io thi cant be right
0,siri went down for a littl while last night come on  get your shit togeth on thi launch
0,should have team up with instead of to make thi sync system in my new focu car is sweet sync is epicfail
0,instal io  fine on ipad but wipe wife iphon and restor from backup fail bigtroubl help
0,realli  what have you done to my itun now i cant click on music movi tv show or ani playlist i get a l
0,damn you
4,took me month to decid but tonight i have chosen googl over amazon s for imag storag solut
4,today the day ic lt android googl samsung
4,the new nexu look good ui feel a bit confus but i guess android user are ok with that now tri it googl android nexusprim
4,veri nice trivia game by googl help you use their search better
4,veri nice trivia game by googl help you use their search better fb
4,cant build a websit get a googl websit free
4,android ic is look pretti good not quit sure if it worth the  number leap googl
4,googl it
4,android  ice cream sandwich is here with a googl nexu in new avtar android googl nexu bigmama
4,me too rt  excit day it ice cream sandwich day googl android
4,wow the new googl nexu is just beauti total gonna boost googl market share in the smart phone market
4,hahaha integr data usag manag in sucha brilliant way sleek design superb and im onli watch video lol googl
4,i fanci an ice cream sandwich googl android wonder it will work on my htc desir
4,googl ice cream sandwich  sound yummi what do you think googl android ice cream sandwich
4,googl me
4,excit day it ice cream sandwich day googl android
4,android  ice cream sandwich is here with a googl nexu in new avtar android googl nexu bigmama
4,i wa refer to googl  icecreamsandwich it look amaz what imo android wa miss i
4,forget the phone nice ui like the scroll featur android googl nexu
4,simpli amaz googl samsung galaxi nexu prime android icecreamsandwich
4,googl ha final unveil the much await android os ice cream sandwich  it sure look good
4,googl final all search for log in user will be on http
4,rim should realli take an in debt look at googl strategi they releas the ndk for icecreamsandwich  hour after releas ic
4,man ive fallen in love with galaxi nexu googl samsung galaxynexu android
4,when in doubt googl it
4,greader share five reason whi googl is win the war in photoshar  photographi fotografia googl
4,dear googl i want the galaxi nexu now pleas send it to me by email or someth  i know you have the technolog
4,telegraph report that the biggest threat to facebook is it power user have shift to twitter or googl httpt
4,sorri appl googl and samsung just made you look bad android is king
4,telegraph report that the biggest threat to facebook is it power user have shift to twitter or googl
4,facebook power user have gone to googl and twitter  telegraph who are they socialmedia
4,not impress much with the new android updat but good sign a readabl font emphasi on design and less nerdi googl
4,video googl wallet see the wow effect
4,when im about to tweet someth and i cant rememb how to spell i go straight to googl
4,dear googl i want the galaxi nexu now pleas send it to me by email or someth  i know you have the technolog
4,googl android  out avail with samsung nexu
4,mayb not the most effici way to brows but fun googl releas an infinit digit bookcas by
4,it difficult to pass up googl consid the social seo benefit of googl vs facebook
4,ice cream sandwich to stop carrier bulli smartphon user googl android
4,i agre with that the hangout on googl are friggin awesomeâ
4,ice cream sandwich to stop carrier bulli smartphon user googl android
4,googl galaxynexu icecream great
4,the next googl nexu phone is here
4,googl earth help locat salmonella hotspot googl
4,thingsweallh that person that act like they know everi fuck thing bitch you not googl
4,samsung galaxi nexu  orbit laser appl iphon s  wooden stick googl
4,want googl nexu samsung galaxi
4,ice cream sandwich u r realli delici can ditch iphon for u that for sure googl launch android aka icecreamsandwich
4,googl  lovin it
4,samsung and googl have close collabor to push the mobil eerienc forward we are pleas to  googl
4,final  power  volum  screenshot no more root requir googl ic galaxynexu
4,i want the new googl galaxynexu android  is go to be the fuck
4,googl nexu press confer slick
4,so to googl for get me through high school and collegey are appreci
4,iscream u scream v all scream android icecreamsandwich a job well done by googl and a major game changer in the mobil os space
4,googl alway think ahead
4,i like the googl virtual bookcas thank you for share
4,googl icecreamsandwich wa reveal im get an android whenev i get a new phone but im keep my iphon for now
4,android googl ice cream sandwich featur closer look  roboto type face is a pleasur to read dhilipsiva
4,fantast work from samsung and googl on the galaxynexu superphon and the new android ic veri impress
4,i think i should work for melaleucathewellnesscompani  probabl the best compani to work for  oh and googl
4,i love googl
4,cant wait for ice cream sandwich android googl
4,i need a hookup stop teas me googl i want the new nexu
4,wellgoogl icecreamsandwich and new accompani phone are as usual neat but noth groundbreak
4,android googl devic frame gener updat for galaxi nexu  your screenshot just got prettier dhilipsiva
4,mmm smarterphon rt  introduc ice cream sandwich the delici new version of android ic googl
4,so so excit for all of the new android featur awesom android ic googl galaxynexu
4,icecreamsandwich went way and beyond what i eect cant wait to get it on my nexu to play with googl
4,check thi video out  introduc galaxi nexu simpl beauti beyond smart éé android nexu googl
4,cream on the insid clean on the outsid ice cream phone job googl
4,googl great for small busi i think so the platform ha some realli benefici featur thought
4,love the new present tool for googl doc  particularli theme and ad video via url googl sd edchat ed
4,brilliant webgl bookcas googl
4,googl like my wife  search thing for me and complet my sentenc
4,android  ice cream introduc galaxi nexu simpl beauti beyond smart googl
4,googl nexu prime lt android
4,interest bookcasert  googl releas an infinit digit bookcas by
4,googl is my bff rite about now
4,have to finish faster the onli way is to googl it googl
4,good to see googl final turn their focu on user eerienc icecreamsandwich android
4,ic look awesom pleas let me have it on my phone android googl motorola
4,iphon s almost had me  almost  ice cream sandwich ftw  android googl
4,yeah i got skype and googl and twitter so who need facebook
4,there you go  accord to googl is builtin to the osnexu line smart move
4,oh ye and now  the android beam alright i made the right decis to be on team googl team android
4,i just add my profil on the googl webgl globe project add your  via
4,thank android for admit your ugli new font is a good start ic googl
4,ice cream sandwich face unlock realli work icecreamsandwich googl galaxynexu
4,im so readi for ice cream sandwich ic nexu googl android siriwho android
4,mmmm ice cream sandwich android googl
4,just seen a tast of googl ice cream sandwich now i want a bite
4,probabl the best icecreamsandwich yet samsung and googl event live blog by  whi havent i switch to android again
4,android  ice cream sandwich will now make all other smartphon oper system look outdat androidbeam wo
4,instant photo share and the peopl app are what best in ice cream sandwich imo googl ic
4,the new android nexu phone make the iphon look like a cheap toy at dollar store tcot android googl realest
4,sweet ice cream sandwich rt googl android  ice cream sandwich offici detail googl ic
4,rais your hand if you now want an android icecreamsandwich power galaxynexu phone googl samsungi do
4,siri which android devic should i replac my iphon with appl vs googl
4,the new googl nexu page is live  nexu googl android icecreamsandwich
4,im most excit about android beam  face detect unlock for android ic androidbeam googl icecreamsandwich
4,are you use googl and linkedin yet these are essenti tool to get your compani andor you on the first page of googl contact
4,thank to samsung and googl im now crave for some ice cream sandwich  icecreamsandwich googl samsung
4,introduc galaxi nexu simpl beauti beyond smart android ic googl samsung
4,so glad googl adopt a design philosophi for android  aka it show soooo much thi is the polish ive been wait for
4,thought on android  ic excit to play with the new featur android googl
4,regist now for your galaxi nexu android googl
4,wow rt  webgl infinit bookcas ui googl
4,googl  samsung  perfect icecream sandwich galaxynexu
4,thank to samsung and googl im now crave for some ice cream sandwich  icecreamsandwich googl samsung
4,love the googl releas of android os  ice cream sandwich samsung android googl icecreamsandwich amaz
4,googl ic look awesom cant wait til it get port over to my evo face unlock  android googl
4,ic is sick good work googl team
4,i gotta say googl got some pretti catchi advertis for android and chrome googl android
4,i want it too now just wonder who will be carri it in novemb or direct purchas from googl  samsung
4,googl nexu realli i wanna it now awesom
4,well the event is now over time to chang my pant googl android samsung jizz
4,im an io user but the ic is awesom great job googl
4,oh yeah im in i want one now googl realli did a great job ic
4,liter had my mind blown away just now googl samsung
4,im an io user but the ic is awesom great job googl
4,googl  motorola  verizon  perfect combin lt
4,love the introduct of the googl galaxi nexu  ice cream sandwich realli look forward to my new phone android ic nexu googl
4,go go go ice cream sandwich develop android sdk r is live  googl
4,android  ice cream sandwich will now make all other smartphon oper system look outdat androidbeam wowww googl
4,galaxi nexu  googl android samsung  the dream team
4,yumyumyumi want ice cream sandwich googl android
4,soon get readi for the parti googl android icecreamsandwich
4,rais your hand if you now want an android icecreamsandwich power galaxynexu phone googl samsung
4,all thi talk about about how good icecreamsandwich look is make me hungri googl omnomnomnom
4,o m g googl is nut with ic and thi new phone
4,iphon user find the nearest trash for your devic it the correct place  android appl googl iphon
4,googl  samsung galaxi nexu ic press releas is now done ill go back to my regular tweet interv now i want it
4,rais your hand if you now want an android icecreamsandwich power galaxynexu phone googl samsung
4,readi for some ice cream sandwich googl android
4,alright well appl just got it ass kick in the face by googl so hard with it new googl nexu phone it will be brilliant
4,liter had my mind blown away just now googl samsung
4,what i think about androidicecreamsandwich  that the most delici piec of sandwich ever get me it real fast googl
4,iphon user i reaali feel sorri for you after i saw icecream sandwich android today googl appl android iphon
4,pretti big deal from samsung and googl def cant wait to get my hand on the galaxynexu and ic
4,i cannot wait for a new ic phone googl android
4,dostupan sdk  wow respect googl icecreamsandwich
4,dostupan sdk  wow respect googl icecreamsandwich
4,omg the android  sdk is avail now  googl
4,the new samsungnexu and  os make the iphon look like an old bag phone nice job googl and samsung
4,call all market execut in houston  sign up for googl train   i cant wait to be there for the week
4,android beam  share contact articl file and game pretti cool googl ic
4,slick beam capabl includ in android  touch  devic togeth and select beam and content is transfer googl android ic
4,realli dig the ui of of quick respons from googl android great for polit declin call lol
4,goodby bump  googl ic
4,you guy just taught googl android how to design a decent phone so much metro good job guy
4,peopl app in ic look promis as usual googl is good at integr differ app and make it a total new user eerienc
4,on a posit note advanc control of your data usag is a realli great idea googl nexu
4,googl icecreamsandwich total blow appl ishit away
4,i love ice cream sandwich android googl samsung
4,nerdbon in full effect watch samsung googl nexusprim icecreamsandwich live event
4,great live contact manag quick contact card add peopl directli toyour home screen android googl
4,googl ha done it again  icecream sandwich
4,new contact app build on a magazin style layout and aggreg contact info from multipl sourc veri slick googl android ic
4,nexu prime look nice googl android
4,new galaxi nexu video look awesom nexu samsung googl android
4,infinit spiral bookcas for googl book look amaz interest to see where it is head
4,new galaxi nexu app improv  inbuilt panoram pictur nexu samsung googl android
4,with the new googl android  icecream sandwich you can take panorama pictur right outofthebox sweet
4,thingswealllov gtgt googl
4,camera app now ha panorama capabl googl android ic
4,i want some of these googl toy
4,good god the camera app in icecream sandwich is amaz and that camera is fast samsung googl android galaxynexu
4,better galleri app to be includ with android  as well googl android ic
4,ic shutter speed is insan wow two thumb up googl
4,android  final includ photo edit tool googl android ic
4,new galaxi nexu os hardwar improv  camera zero shutter lag nexu samsung googl android
4,data usag featur look amaz and use googl galaxynexu
4,wow veri fast camera on galaxi nexu  faster than n i think googl
4,top three play nice score were googl salesforc and xero in which cloud play nice report http
4,the new camera app along with the zero delay camera on the galaxi nexu is veri nice googl android ic
4,unbeliev data usag info on ice cream sandwich icecreamsandwich googland googl android ic
4,data usag in ic look like i dont need watchdog g pro anymor hah android ic googl
4,thi data usag featur look amaz on ic android samsung googl galaxynexu
4,icecream sandwich look good so far android googl
4,googl my favorit studi guid
4,ice cream sandwich look awesom googl ic
4,new galaxi nexu os improv  data usag tool inbuilt nexu samsung googl android
4,googl android icecream sandwich os for nexu prime releas live blog  technolog hk
4,what i love about googl it alway show me that am not the onli retard person on thi planet when am search for stupid thing
4,galaxynexu ha arriv samsung googl
4,new calendar app with pinch to zoom capabl far superior to the current one googl android ic
4,new galaxi nexu app improv  gmail offlin search of last  day nexu samsung googl android
4,i love how it sync your chrome bookmark with your phone icecreamsandwich googl
4,thank god gmail app ha been redesign under android  convers automat eand googl android ic
4,serious whi do i still find the yellow page ph book at my doorstep these day i just googl it on my iphon
4,excel angrybird googl chrome commerci p hd via
4,watch the android announc from googl and samsung icecream sandwich look realli interest googl android
4,as an iphon user i think the samsung nexu galaxi look great and ice cream sandwich look fantast googl
4,what googl chrome sync with your android devic bookmark nice
4,the samsung galaxi nexu and ice cream sandwich are sick android icecreamsandwich googl
4,inlin keyboard spell check is nice ic with nativ voic dictat android googl
4,i cant wait to get the new galaxi nexu with icecreamsandwich best yet it support my googl wallet via
4,ic on the galaxi nexu ha veri smooth and respons screen and widget navig googl android ic
4,new galaxi nexu os improv  built on ice cream sandwich version of android nexu samsung googl android
4,new galaxi nexu os improv  stack  scroll introduc for widget for richer content samsung googl android
4,updat live wallpap virtual button that disappear when you are in full screen mode more awesom widget android googl
0,there are too mani googl servic that do not work when you are a googleapp user googleplu abov all  profil  pluson
0,start to doubt googl android polici no releas android sourc sinc  curiou for an opensourc project to say the least
0,youtub video view are still not updat properli googl youtub fail
0,did googl realli just highlight a new font roboto as part of their ic announc for android serious
0,whi facebook and googl have got it wrong
0,googl is realli confus
0,is mull googl but hmmm just aint shore bout nuther social media profil
0,athen review of googl doc access show a lot of work need to be done ay ht
0,gonna dump one of my gmail account not onli do i get ton of spam i get ton of fals posit not cool googl
0,the awkward moment when googl chrome take a hell of a lot time to load googleplu googl
0,googl cloud servic blackout threaten cloud user dure a day period in august and septemb for  tcn
0,whi googl ha uphil battl vs facebook sean parker googl
0,chan chri pool facebook  googl are do it wrong  via socialmedia
0,lectur note in financi econom pdf ebook googl
0,i hate tron theme googl ic
0,now realli googl how hypocrit is thi analyt
0,codenam or not awesom or not i have a hard time take anyth call ice cream sandwich serious googl android sticki melt
0,the onli letdown of the samsung galaxi nexu phone is the  mp camera ic samsung samsunggalaxynexu sgn android googl
0,googl introduc new android tablet call ice cream sandwich im a singaporean and im veri confus
0,ic introduc facial recognit to unlock phone howev  the demo didnt go as plan googl goof up android
0,ice cream sandwich realli googl
0,googl is terribl at present hate the terribl camera interfer from the huge screen behind the speaker headach
0,just watch the galaxynexu announc by googl and samsung the onli thing keep me from buy it onli on verizon fail
0,i tri to googl the word visigoth and appar googl didnt know either caus my phone froze
0,dear googl  samsung learn some present  first pleas
0,the onli letdown of the samsung galaxi nexu phone is the  mp camera ic samsung samsunggalaxynexu sgn android googl
0,googl ive block your global ip network from all my site jk stop be evil
0,boo to no googlemus news us carrier news or price point googl ic android
0,from it laughabl file googl will encrypt search result but onli if u have log in so they can maxim their data collect
0,googl fail
0,rt  dear googl  samsung learn some present  first pleas
0,dear googl  samsung learn some present  first pleas
0,rt  the background is so horribl for thi stream samsung googl nexusprim they shouldv seen what adob did at adobemax
0,where the heck is the sourc code  wtf googl
0,not greatli impress with googl and samsung present skill
0,android icecream sandwich face unlock fail to perform recognit when demo on stage googl nexu
0,good job googl did anyon get when ani of thi shit is actual ship infofail
0,we need date googl samsung launchfail
0,also the googl problem  problem for santorum elect argument the doubledigit loss in
0,they need to talk about the batteri life impact of androidbeam it cant be good news googl android ic
0,anoth android demo fail googl
0,too bad googl didnt have a tribut graphic for dennisritchi
0,present fail googl samsung
0,the googl guy are illustr the peril of a live demonstr admir galaxynexu ic android
0,android crash  googl quick respons featur  googl ic android quickrespons
0,whi is googl advertis adword eress on bing hmmm i know ballmer is happi  googl your alreadi a monopoli
0,googl peopl appth next revolut in stalk
0,first thing on googl to do list hire a perform coach
0,samsung googl unveil phone
0,whi is googl whore for samsung ic
0,if googl dont fix pinchzoom on android  soon i might have to leav the fold and go cyanogenmod
0,facial recognit fail icecreamsandwich jajajajajajaj facialunlock samsumg googl
0,ouch crash and burn android facial recognit in icecreamsandwich didnt work dure the present googl
0,googl is gonna need to do better than thi to beat io android icecreamsandwich googl
0,face unlock  ic liter know your face googl galaxynexu fail
0,fail on the face recognit not work googl samsung
0,the face recognit unlock would be cool if it work android googl icecreamsandwich
4,just particip in anoth microsoft sqlserver certif test with tsql type instead of multipl choic realli cool
4,microsoft open the door to two spanish entrepreneur with medic project
4,buffalo intel microsoft ibm are the best pavilion at smau
4,window phone  mango updat process ahead of schedul microsoft windowsphon mango
4,wp is get there microsoft claw back to smartphon relev rich jaroslovski  bloomberg via
4,on microsoft excel make function like it my job product
4,whi i love microsoft gt microsoft host kid techfest to encourag career in tech babygeek
4,microsoft word work on my comput again yessss
4,in term of unifi commun giant realli surpris to see how underr microsoft is
4,microsoft dish out free firstgen wp handset at it store
4,will watch thi one with interest rt  microsoft codenam data elor ctp come  via
4,lunch today  eat it at microsoft while attend vslive priceless
4,will watch thi one with interest rt  microsoft codenam data elor ctp come next month
4,microsoft detail search improv in window  start screen
4,mango show microsoft still ha the tast for smartphon success wp mango
4,awesom is move to vancouv as dev evangelist for microsoft  we final get a local
4,awesom is move to vancouv as dev evangelist for microsoft  we final get a local
4,microsoft store offer up free window phone  devic microsoft microsoftstor microsoft retail store ar
4,microsoft store offer up free window phone  devic microsoft microsoftstor microsoft
4,microsoft store offer up free window phone  devic microsoft microsoftstor
4,microsoft store offer up free window phone  devic microsoft microsoftstor
4,microsoft store offer up free window phone  devic microsoft microsoftstor neowin
4,microsoft store offer up free window phone  devic microsoft microsoftstor
4,microsoft store here i come to spend my hard earn cash vslive
4,if you didnt know  free microsoft html on west coast mountainview redmond portland check them out
4,hey parentsdid you know about the free tool from microsoft that help keep your kid safe onlinel famili safeti
4,microsoft cloud microsoft offer student free access to it technolog to improv employ dubb tcn
4,awesom microsoft holodeck
4,microsoft detail window  search improv  via
4,cant wait until i can visit the holodeck thank for share rt beam me up microsoft microsoft ha
4,yeah i saw it is take serious what microsoft ha done with metro ui but yeah look good android
4,whi i love microsoft gt microsoft host kid techfest to encourag career in tech babygeek via
4,microsoft elain new improv in window  start screen search buildingwindow tech microsoft
4,microsoft elain new improv in window  start screen search buildingwindow tech microsoft
4,enjoy microsoft search idea could let you search like miley great
4,microsoft bing is the new king of search tip googl search
4,microsoft powerpivot give user the power to creat compel selfservic bi solut infinitywebinar
4,the futur of inform innov from googl microsoft twitter nov  info  registr at umd
4,anoth gem from microsoft  curat your person histori with project greenwich avail later thi month
4,beam me up microsoft microsoft ha holodesk research project
4,thank to steffen kraus microsoft for a great sql server session
4,thi is how chariti work these day billgat philanthropi microsoft
4,ballmer think you have to be a comput scientist to use android tech microsoft i agre to some extent
4,we have had a great time at techedafrica thank to all the sponsor deleg microsoft and mimecastsa
4,valid that microsoft iscsi target in win server  work fine with vmware vsphere  esxi no error  more
4,wow  microsoft tech turn your bodi into a touchscreen via
4,love the microsoft campu love the feel of the mixer build thank vslive bring the confer here
4,microsoft research show holodesk awesom the holodeck is one step closer kinect via
4,microsoft research show holodesk  look like scienc fiction but is scienc fact cool but no sound
4,microsoft research show holodesk  look like scienc fiction but is scienc fact
4,zune music arriv in canada microsoft music news
4,kinect make learn play with help from sesamestreet and nationalgeograph educ microsoft
4,hã¥per microsoft lager ny releasepartyguid for mango greatsuccess
4,hey parent did you know about the free tool from microsoft that help keep your kid safe onlin live famili safeti
4,â check out the new microsoft faculti fellow here pois to chang the worldâ go
4,mayb appl could use some of it billion to do some good in the worldoh wait that what microsoft doe
4,microsoft isb watch the new window  in actionpretti impress final a contend to mac os interest battl in store
4,microsoft tri to combin the xbox windowsphon and pc and all of them will share the same neat look interfac
4,check out the new microsoft faculti fellow here pois to chang the world
4,i becam a citizenship member at thank god mspegypt microsoft
4,blog post cool tool  microsoft mous without border tool util microsoft
4,forget siri there is still no beat speech command on  wp mango tellm microsoft siri
4,microsoft test and prove appsens enterpris scalabl k user on one person db  enterpris
4,ye good point about erp but unfair assess in say sage sap and microsoft dynam are not deliv
4,good dev opportun at microsoft ux tour helsinki finland
4,you have sugarco the fsf secur boot reaction thi is blatant antimicrosoft propaganda
4,v impress w imag composit editor from for creat panorama from individu imag tx microsoft
4,i have been blown away by technolog innov microsoft should do more market
4,i have been blown away by technolog innov microsoft should do more market
4,yahoo up  sale  again yr back microsoft almost bought it  now glad it didnt thi could b deal of the year that do
4,yahoo up  sale  again yr back microsoft almost bought it  now glad it didnt thi could b deal of the year that dosent happen
4,microsoft present omnitouch   veri impress and futurist technolog
4,is googl down via good for bing microsoft â invest pay off
4,ipad less desir than window tablet say studi appl microsoft ms
4,rt me too  on my way home from st day of mt had great time with and other mv
4,mango show microsoft still ha the tast for smartphon success
4,microsoft detail search improv in window  start screen
4,one more pictur of the servic provid in the cloud i am in love with microsoft
4,window runtim and net better togeth dotnet dev winrt microsoft
4,nice talk by kenyaopendoor microsoft commun
4,omg microsoft sharepoint is actual work thank to my excel colleagu william
4,windowsphon wp microsoft realli  icecreamsandwichfail innov by imit sad sad
4,the more i use offic  the more i fall in love it with honest geniu microsoft
4,i love the and now it is look to china appl fund sweatshop there while gate fund a foundat appl microsoft
4,that wa a good onecommerci microsoft
4,welcom skype to the microsoft famili we can do amaz thing togeth welcomeskyp
4,lt u microsoft
4,absolut love the arc mous courtesi of the one and onli  inspir microsoft
4,not a microsoft fan but thi is cool video turn ani surfac into a touchscreen
4,wow android ic lot of uh uh uh uh talk go on forsur not a microsoft mango launch were peopl have public speak skill
4,ju updat my comput to window  im on thank to microsoft
0,ic android is go to kill both mango wmp microsoft and rimm it alreadi kill webo and nokia os
0,onli peopl with name begin with a are get mail thi week a la microsoft
0,microsoft outlook  for mac sucksâ¦ hate
0,microsoft freez some xbox account after hack report  via
0,updat microsoft ms  critic  vulner in net framework and microsoft silverlight could allow r
0,microsoft window media centr gui fail majorfail
0,how appl eclips microsoft
0,haha k thought everybodi knew microsoft suck
0,bc ie  like everyth microsoft make is junk and super prone to crash
0,when microsoft violat us antitrust lawsâleav netscap out of busi  novel woundedâit play dumb
0,microsoft lync crash issu on mac os x  fix
0,microsoft lync crash issu on mac os x  fix
0,microsoft lync crash issu on mac os x  fix
0,when microsoft broke the law it play victim now it engag in racket call victim outlaw respect our
0,nokia worker ask is chief execut a microsoft mole
0,microsoft ha frozen some xbox live xbl account after onlin gamer report they have been hack
0,i gave a tri to window  dev preview and it wa good but the ui is way too messi right now wait for the beta microsoft window
0,six powerpoint nightmar and how to fix them powerpoint microsoft present
0,how appl eclips microsoft from
0,thi is kind of realli creepi use your search engin the same way as would    microsoft
0,great time to be a famili microsoft advertis enrag me again
0,with window  microsoft cant forget past antitrust issu
0,microsoft is current pay to produc swpat propaganda to lobbi politician with  to make racket seem accept
0,there is noth like sit in the workshop all day talk to microsoft and have to talk to them again tomorrow  wait for part
0,reader tronman compar steveballm to an albatross around microsoft neck do you agre join the discu
0,when microsoft broke the law it play victim now it engag in racket call victim outlaw respect our ip
0,i would be a lot happier if microsoft word didnt freez everi  minut
0,lol  i do both  and for sure microsoft dotnet is perfect simpl o ay aja  but sorri i hate window phone
0,microsoft took  month to recruit everson and  month to lose her to faceboook via adweek
0,comp crash microsoft  wouldnt get thi with an imac
0,reader tronman compar steveballm to an albatross around microsoft neck do you agre join the discuss
0,reader tronman compar steveballm to an albatross around microsoft neck do you agre join the discuss
0,reader tronman compar steveballm to an albatross around microsoft neck do you agre join the discuss
0,windowsphon would get a lot more blog and review love if microsoft provid a tool to grab screenshot it nearli imposs wpt
0,when u dine with a custom u shoukd never elain abt solut unless he ask  m never lean the concept microsoft fail
0,i hate microsoft powerpoint
0,is microsoft just anoth evil corpor bewar when it come to buy a window pc
0,skype is now part of stupid microsoft it seem
0,skype is underwhelm i use skype it wa recent bought by microsoft for  billion as such it ha a v
0,appl  microsoftth differ how appl eclips microsoft  brand brand market innov
0,microsoft know how to kick off an open but i dont quit see the edg for window phone or their tablet isorri
0,the fact that microsoft are use a qrcode alongsid one of their colour code show the format is fail opinionsâ¦
0,if appl came out with game consol ala xbox  that blew the current player out of water microsoft and soni would be in troubl
0,the fact that microsoft are use a qrcode alongsid one of their colour code show the format is fail opinion
0,if microsoft had more interoper between their product xbox  window  window phone  zune id be a window phone user
0,microsoft  we put the backward into backward compat instantfollowback
0,is nokia chief execut a microsoft mole stephen elop accus of destroy nokia so microsoft can buy it cheap
0,microsoft dynam nav is a cesspit extrem consultingwar to be avoid
0,wow lot of neg comment about window on the blog i sure hope microsoft is listen keepthedesktop
0,when u dine with a custom u shoukd never elain abt solut unless he ask  m never lean the concept microsoft fail
0,distrust and angst amongst nokia employe against selop microsoft fixat
0,i am quickli fall in love with appl icloud final a webbas solut to wave my old microsoft outlook byeby
0,yeh behatreen samay hay parivar honeka say the microsoft ad in hindi preach famili valu to indian get a local ad agenc guy
0,bofh excus  accord to microsoft it by design  ifollowback instantli
0,i sware to go window and microsoft will be the death of mei dont know whi i keep give window cont
0,im on day someth of my xbox live acct be hack thi is wors than psn hack will i ever get it back microsof
0,thank again microsoft for wast more of my time applegtwindow
0,dear microsoft i should onli have to hit the window updat button onc when manual run updat not  or  time sysadmin
0,total unproduct day with no access to microsoft excel or word aaargh will be work late tonight after hubbi fix fingerscross
0,how appl eclips microsoft sun rise in via
0,how appl eclips microsoft sun rise in via
0,i dont understand y mail can work seamlessli in all browser in all platform and microsoft exchg suck n say you need ie
0,microsoft ha frozen some xbox live xbl account after onlin gamer report they have been hack
0,letss wait and see if it interest ppl meego doe no one like microsoft we are just forc fed wp
0,im on day someth of my xbox live acct be hack thi is wors than psn hack will i ever get it back microsoft xbox fail
0,interest read  how appl eclips microsoft via cc
0,so let me get thi straight microsoft make window phone microsoft own skype but there no skype app for window phone
0,microsoft updat is so slow
0,fuck microsoft i love them to death but that red ring and no free xboxliv is kill me soni all day
0,fix a pc that think it is  i thought microsoft had the yk issu fix alreadi techsupport
0,with friend like billgat and steveballmet at microsoft who need enemi
0,microsoft s latest offer leav me pray for the blue screen of death advertis ohnonotagain
0,i did the best of everyon who fail  bill gate microsoft
0,which planet is he live on microsoft ceo fail palmfac
0,ive seen a coupl of iphon ss alreadi but still no window phone s  ever microsoft not so hot
0,microsoft licens process is annoy
0,it baffl me that steve ballmer can be a ceo of a compani let alon a giant like microsoft  the guy a moron
0,microsoft arrog again  ballmer say you need to be a comput scientist to use android
0,microsoft arrog again  ballmer say you need to be a comput scientist to use android
0,is the sound of compliment that sound more like obituari microsoft
0,nokia cooper with microsoft list as the th riskiest busi move of the year
0,webpronew financ yahoo revenu drop attribut to microsoft deal
0,microsoft still didnt manag access to metro app on older netbook win resolut
0,yahoo revenu drop attribut to microsoft deal
0,webpronew financ yahoo revenu drop attribut to microsoft deal
0,nokia employe still worri that elop is a microsoft mole microsoft window
0,i so wish that steveballm from microsoft would have to swallow hi word about yahoo
0,just upgrad to win  on my pc onli for it to tell me it fail to instal and they dont know what happen that microsoft for you
0,realli hate the microsoft mcp site
0,screen by reprisk â microsoft will undergo trial for it alleg anticompetit practic
0,i have conclud have use it sinc march that window  ultim is a complet catastroph mr gate you have lost the plot microsoft
0,how appl eclips microsoft
0,oh how much do i loath microsoft an hour to configur updat which it is then unabl to do so anoth  min revert chang
0,german feder trojan got a bigbroth gov spi on it peopl microsoft bitbit window is target
0,microsoft adob lose bn to piraci report
0,microsoft adob lose bn to piraci report
0,systemiofiledelet  you lie you didnt delet my file and you didnt throw an except wtf microsoft net
0,wilth access mode on in sharepoint  it seem that workflow sometim do not start automat sp workflow microsoft
0,internet elor  is the biggest pile of shit ever serious microsoft ie
0,i have been serious slack with my mandarin studi these past few month blame microsoft and cisco studyingwhilstmotiv
0,sledgehamm mayb rt offic blue drink rt  microsoft fail notrespond for fcuck sake
0,skype is ruin the friendship with your aggress microsoft type sell if i need someth ill ask thank you
0,offic blue drink rt  microsoft fail notrespond for fcuck sake
0,id like to criticis microsoft steve ballmer facetofac for all the pain  suffer their product caus justsay
0,microsoft fail notrespond for fcuck sake
0,how appl eclips microsoft by busi
0,how appl eclips microsoft lt microsoft futur is in the corpor world not consum
0,â»  not the ms hate bit tho lt waddya mean microsoft suck bonobo monkey ass linux roolz for the extremist there bsd
0,microsoft adob lose bn to piraci report  the time of india
0,skype often crash microsoft what are you do
0,microsoft steveballm attack android phone  well windowsmobil is gay you metro via
0,â»  stand up for your freedom to instal free softwar pleas sign up gnu against microsoft
0,microsoft just bought skype offici so how the futur of skype on ani other devicesoper system
0,googl go went goneserv issu first time sinc agesnow my faith in tech from rim to microsoft ha been complet lift
0,googl app vs microsoft offic  it is clear that googl app should be the top choic in
0,ouch microsoft azur fail
0,googl app vs microsoft offic  it is clear that googl app should be the top choic
0,microsoft sb  disabl third parti softwar updat via gpo
0,how appl eclips microsoft
0,unmind ballmer collect half a billion doesnt say thank you android googl microsoft
0,appl eclips microsoft
0,microsoft  i hate you again  microsoft
0,open letter steve ballmer pleas retir  forb  pleas retweet msft need a techi leader microsoft ballmer
0,one oper system to rule them all and in the dark bind them microsoft
0,i wonder if i tweet bill gate hell fix my laptop microsoft vista fml
0,how appl eclips microsoft
0,after i dont know how mani year you still cant copi a microsoft word document head to powerpoint justsay
0,microsoft career site is give error for ani thing i search weird
0,instal net framework thi might take veri mani year come back when your unborn child is in colleg microsoft
0,watch podcast of steve job  bill gate at  d gate suck at tech predict all talk appl microsoft
0,mydel comp on shitti microsoft vista blue screen i swear thi is steve job ghost come back to finish what he startedappledomin
0,wtf microsoft sb rww onli work in ie browserwar
4,i love my background twitter
4,â¢take off make up â¢ say a littl more on twitter â¢ go to sleep lt like my plan
4,okayi feel slightli more connect to the world and have put facebook and twitter on my blackberryit not the samebut it help
4,i miss my twitter boo
4,sing everytim i tri to leav someth keep pull me back me back tell me i need twitter  all that lol
4,twitter keep me compani when i cant sleep
4,got thi new twitter app and a fresh ass theme with it fwm
4,did just ditch twitter for sleep weirdo twittergtleep
4,im start to get realli concern send hashtag in email twitter is take over our live
4,i cnt get over that shit lol hell naw twitter
4,today i wa introduc as bigdealdawson at lgfw  o twitter and social media i love you teehe xx
4,twitter gt facebook
4,yeah it show glad you have twitter
4,ive pretti much abandon facebook for twitter twitterslegit
4,gotta love twitter  shit goe round the world like lightningonspe
4,twitter
4,hello twitter
4,in that twitter mood
4,when i say im go to bed that realli mean im gonna sit on twitter for  min then go to bed twitterlt
4,i love twitter swaag
4,dear twitter i fuck miss you today gtgt internet wa down
4,my  tweet goe to twitter  thank for provid me with anoth way of keep me busi dure school
4,twitter teamoâ¥ chao
4,isnt thi place great twitter
4,one realli good thing with twitter is that most peopl appear to be on the progress left socia
4,twittergtfacebook
4,there is no social media without twitter who could be twitterless
4,twittergtfacebook
4,guess im addict to twitter write the answer to  mark univers exam question in less than  charact
4,one realli good thing with twitter is that most peopl appear to be on the progress left social side thi scare gov
4,appl to orang mayb but twitter is way more engag than fb content vs stalkerismo
4,lay down on my bed and im on my favorit app twittern twitter gt facebook
4,thi whole facebook chang make more nervou than excit what about privaci etc i much prefer twitter
4,twitter twitter
4,twitter lt
4,twitter impress number twitter smm socialmedia
4,fuck that facebook bullshit twitter bitch
4,twitter is hella coo like farreal i love twitter
4,fuck facebook twitter is way better teamfollowback followm
4,havent been on thi twitter shit in a while man here becaus look like aboutthatlif be haven hella fun on twitter
4,twitter just help me find the song from the end of a tv show i just watch twitter gt
4,twitter addict
4,you can liter go back and forth between facebook twitter text and email all do technolog is too good
4,thnx isnt twitter pretti damn amaz hope yr enjoy it fast like you and i
4,dear twitter i have miss you promis ill keep in touch more often
4,twitter is interest hr a day facebook is interes hr a day
4,i like twitter
4,but fb still suck amp twitter beat it anyday
4,i love twitter twitterswag
4,i like twitter
4,thi twitter shit is funni and entertain  i havent did shit all day but my finger are hurt twitter
4,twitter give everyon that voic that they believ should be heard by peopl unlik real life lol
4,twitter i love you
4,yeahh you did it wa about time caught the twitter bug and now im hook
4,hashtag are use here twittergtfacebook
4,i keep forgettin how much i realli like twitter lol
4,twitter
4,facebook twitter  spongebob nirvana great way to spend the night
4,twitter can be so use on let out your feel when you cant in the real world
4,my  biggest obsess twitter dancemom and desperatehousew lt
4,twitter is jumpin as usual
4,my facebook mess up and i had to make a new one so add me haha at least twitter is reliabl
0,twitter y facebook off
0,twitter are you freak kid me wth
0,rt i better be abl to see my rt tomorrow twitter and tell that lil blue ass bird cont
0,just hit my hourli usag limit on twitter how doe that even happen all im do is list peopleand i wa almost done ugh
0,twitter  dead thi is whi im never on it now
0,i hate twitter right now
0,im not get all of my repli twitter if it wasnt for my email tell me that some repli to me i wouldnt even know it nobueno
0,wtf is a tweet  sound like tha dam cartoon network tweet tweeter twitter twitter
0,twitter suck for have a follow limit
0,a few peopl are report twitter retweet not work probabl a technic problem
0,so my mention dont work and my tl dont be want to updat is twitter move server or do mainten
0,well ha gotten back on twitter there goe my tl lol
0,anyon in twitter land know if retweet are broken havent seen ani sinc tuesday
0,i better be abl to see my rt tomorrow twitter and tell that lil blue ass bird cont
0,i better be abl to see my rt tomorrow twitter and tell that lil blue ass bird and fat ass over capac whale to
0,twitter aint show my current mention or my tweet retweet ughh
0,i better be abl to see my rt tomorrow twitter and tell that lil blue ass bird and fat ass over capac whale to
0,twitter will you pleas fix thi rt problem
0,twitter  dead thi is whi im never on it now
0,im gonna need twitter to get all these problem fix asap
0,twittersmalfunctioningagain
0,twitter is blow me  i cant see my retweet
0,man twitter is gettin bore
0,twitter app also doesnt show me the convers when i touch a tweet
0,anyon els have troubl with the ipad twitter app not updat s i get notifi but cant see them in the app
0,damn what the hell i think my twitter might need a damn ercist
0,twitter got me all mess up everytim i compos a text msg i get stress i onli have  caracter all di networkin is gettin confusin
0,yeah shit happen twitter is a real whore sometim
0,twitter is fawkin up
0,twitter show my fuckin retweet bitch
0,twitter need to get their shit togeth caus they fuck up im not get my rt or mention
0,twitter is sooo trash ritenow with all dezz highscoolmemori
0,whi dff is twitter still laggin on showin who retweet ur shitt
0,peopl should be more interest on facebook and twitter at midnight im get bore
0,tri elain twitter to my mom but her whi would you want to do that argument wa pretti bulletproof igiveup
0,twitter is a fad wa addict now i dont rli care
0,twitter side affect includ procrastin no sleep unabl to focu on anyth subtweet rt tt and low
0,okay twitter itd be muchhh appreci if you could start work on my comput soon
0,twitter side affect includ procrastin no sleep unabl to focu on anyth subtweet rt tt and low batteri
0,retweet section of my twitter account ha not been work for  hour is everyon els have thi problem rt rt
0,retweet section of my twitter account ha not been work for  hour is everyon els have thi problem rt rt
0,for some reason twitter isnt allow me to see my tweet that got retweet
0,good lord twitter send my bloodi tweet ihateyourightnow
0,i feel all alon on twitter itstol
0,so im about to make anoth twitter account sinc thi one fuck up
0,my dm come in so fuck late damn twitter
0,yep it offici my tweet that get rtd arent show me when they get rtd dammit twitter sometim it loveh thing we have
0,yep figur my shit is jack dammit twitter
0,dear  twitter fix your shit we cant see our retweet or mention
0,twitter got dead as fuck all of a sudden
0,i hate twitter
0,my twitter act funnyyyyyyi
0,still not quit sure how to use thiswhat the point of it is twitter idontunderstand
0,twitter whi must you be so difficult
0,thank you twitter for not give me the  tweet that have been tweet at me in the past  day lol blameitontheiphon ineedtoupd
0,twitter is mess up follow keep switch to same number  fixit
0,i need to get off twitter
0,twitter still not showin my mothafuckin retweet
0,twitter timelin and mention up the shit
0,so much garbag twitter
0,who the hell use twitter on a tv man panason epicfail
0,twitter still not showin my mothafuckin retweet
0,stupid fuck twitter twitterapp give me my damn mention noowwwwww ugh drawlin as alway tmw promoallday followlimitisgay to
0,twitter be fuck up
0,you facebook twitter and the tv are all distract whenev i wanna studi
0,omfg  twitter  whi fxck up  i wanna see my retweet
0,twitter uh show me my retweet or ill go back to facebook k k
